,subject
0,sub-010164
1,sub-010069
2,sub-010227
3,sub-010035
4,sub-010017
5,sub-010146
6,sub-010213
7,sub-010292
8,sub-010070
9,sub-010155
10,sub-010077
11,sub-010028
12,sub-010030
13,sub-010031
14,sub-010236
15,sub-010134
16,sub-010284
17,sub-010216
18,sub-010317
19,sub-010067
20,sub-010224
21,sub-010085
22,sub-010260
23,sub-010286
24,sub-010092
25,sub-010193
26,sub-010273
27,sub-010279
28,sub-010294
29,sub-010087
30,sub-010275
31,sub-010256
32,sub-010306
33,sub-010166
34,sub-010316
35,sub-010071
36,sub-010196
37,sub-010168
38,sub-010290
39,sub-010233
40,sub-010041
41,sub-010285
42,sub-010046
43,sub-010280
44,sub-010248
45,sub-010249
46,sub-010199
47,sub-010002
48,sub-010266
49,sub-010194
50,sub-010302
51,sub-010220
52,sub-010234
53,sub-010062
54,sub-010258
55,sub-010006
56,sub-010024
57,sub-010319
58,sub-010056
59,sub-010297
60,sub-010012
61,sub-010204
62,sub-010136
63,sub-010048
64,sub-010247
65,sub-010044
66,sub-010255
67,sub-010010
68,sub-010078
69,sub-010250
70,sub-010027
71,sub-010231
72,sub-010291
73,sub-010022
74,sub-010036
75,sub-010100
76,sub-010308
77,sub-010245
78,sub-010163
79,sub-010263
80,sub-010150
81,sub-010073
82,sub-010064
83,sub-010200
84,sub-010214
85,sub-010090
86,sub-010094
87,sub-010241
88,sub-010053
89,sub-010307
90,sub-010084
91,sub-010277
92,sub-010252
93,sub-010060
94,sub-010300
95,sub-010023
96,sub-010183
97,sub-010042
98,sub-010040
99,sub-010262
100,sub-010311
101,sub-010026
102,sub-010305
103,sub-010037
104,sub-010038
105,sub-010270
106,sub-010162
107,sub-010288
108,sub-010081
109,sub-010083
110,sub-010007
111,sub-010050
112,sub-010138
113,sub-010295
114,sub-010310
115,sub-010086
116,sub-010197
117,sub-010005
118,sub-010019
119,sub-010021
120,sub-010148
121,sub-010191
122,sub-010271
123,sub-010201
124,sub-010283
125,sub-010315
126,sub-010202
127,sub-010267
128,sub-010137
129,sub-010141
130,sub-010228
131,sub-010242
132,sub-010075
133,sub-010230
134,sub-010222
135,sub-010210
136,sub-010047
137,sub-010068
138,sub-010126
139,sub-010304
140,sub-010243
141,sub-010278
142,sub-010192
143,sub-010157
144,sub-010269
145,sub-010066
146,sub-010152
147,sub-010088
148,sub-010301
149,sub-010223
150,sub-010170
151,sub-010251
152,sub-010274
153,sub-010239
154,sub-010321
155,sub-010051
156,sub-010049
157,sub-010033
158,sub-010093
159,sub-010072
160,sub-010091
161,sub-010276
162,sub-010314
163,sub-010080
164,sub-010272
165,sub-010039
166,sub-010074
167,sub-010303
168,sub-010226
169,sub-010257
170,sub-010244
171,sub-010296
172,sub-010034
173,sub-010261
174,sub-010219
175,sub-010004
176,sub-010076
177,sub-010238
178,sub-010065
179,sub-010032
180,sub-010218
181,sub-010309
182,sub-010020
183,sub-010063
184,sub-010195
185,sub-010003
186,sub-010016
187,sub-010052
188,sub-010089
189,sub-010254
190,sub-010203
191,sub-010264
192,sub-010165
193,sub-010282
194,sub-010215
195,sub-010289
196,sub-010176
197,sub-010045
198,sub-010079
199,sub-010232
200,sub-010240
201,sub-010246
202,sub-010029
203,sub-010298
204,sub-010299
205,sub-010207
206,sub-010318
207,sub-010104
208,sub-010061
209,sub-010015
210,sub-010265
211,sub-010287
212,sub-010142
213,sub-010268
214,sub-010059
